state_code,state_name,rto_code,full_rto_code,registration_prefix,city
AN,Andaman and Nicobar Islands,01,AN-01,AN01,Port Blair / Andaman District
AN,Andaman and Nicobar Islands,02,AN-02,AN02,Car Nicobar / Nicobar District
AP,Andhra Pradesh,01,AP-01,AP01,Adilabad / Mancherial / Nirmal
AP,Andhra Pradesh,02,AP-02,AP02,Anantapur / Hindupur
AP,Andhra Pradesh,03,AP-03,AP03,Chittoor / Tirupati / Madanapalle / Rajampet
AP,Andhra Pradesh,04,AP-04,AP04,Kadapa / Proddatur
AP,Andhra Pradesh,05,AP-05,AP05,Kakinada / Amalapuram / Rajahmundry
AP,Andhra Pradesh,06,AP-06,AP06,Kakinada
AP,Andhra Pradesh,07,AP-07,AP07,Guntur / Piduguralla / Narasaraopet / Repalle
AP,Andhra Pradesh,08,AP-08,AP08,Guntur
AP,Andhra Pradesh,09,AP-09,AP09,Khairtabad / Hyderabad District
AP,Andhra Pradesh,10,AP-10,AP10,Secunderabad / Hyderabad District
AP,Andhra Pradesh,11,AP-11,AP11,Malakpet / Hyderabad District
AP,Andhra Pradesh,12,AP-12,AP12,Bahadurpura / Hyderabad District
AP,Andhra Pradesh,13,AP-13,AP13,Mehdipatnam / Hyderabad District
AP,Andhra Pradesh,14,AP-14,AP14,Karimnagar
AP,Andhra Pradesh,15,AP-15,AP15,Karimnagar / Jagtial / Peddapalli
AP,Andhra Pradesh,16,AP-16,AP16,Vijayawada / Gudivada / Machilipatnam / Nandigama
AP,Andhra Pradesh,17,AP-17,AP17,Vijayawada / Gudivada / Machilipatnam / Nandigama
AP,Andhra Pradesh,18,AP-18,AP18,Nuzvid
AP,Andhra Pradesh,19,AP-19,AP19,Nuzvid
AP,Andhra Pradesh,20,AP-20,AP20,Khammam / Kothagudem / Sathupally / Yellandu
AP,Andhra Pradesh,21,AP-21,AP21,Kurnool / Adoni / Nandyal
AP,Andhra Pradesh,22,AP-22,AP22,Mahaboobnagar / Pebbair / Gadwal
AP,Andhra Pradesh,23,AP-23,AP23,Medak / Siddipet / Sangareddy
AP,Andhra Pradesh,24,AP-24,AP24,Nalgonda / Bhongir / Suryapet
AP,Andhra Pradesh,25,AP-25,AP25,Nizamabad / Kamareddy
AP,Andhra Pradesh,26,AP-26,AP26,Nellore / Kavali / Gudur / Sullurpeta
AP,Andhra Pradesh,27,AP-27,AP27,Ongole / Chirala / Markapur / Prakasam
AP,Andhra Pradesh,28,AP-28,AP28,Ranga Reddy
AP,Andhra Pradesh,29,AP-29,AP29,Ranga Reddy
AP,Andhra Pradesh,30,AP-30,AP30,Srikakulam / Tekkali / Palasa / Sompeta / Ichchapuram / Kaviti
AP,Andhra Pradesh,31,AP-31,AP31,Visakhapatnam / Gajuwaka / Anakapalli
AP,Andhra Pradesh,32,AP-32,AP32,Visakhapatnam
AP,Andhra Pradesh,33,AP-33,AP33,Gajuwaka
AP,Andhra Pradesh,34,AP-34,AP34,Gajuwaka
AP,Andhra Pradesh,35,AP-35,AP35,Vizianagaram
AP,Andhra Pradesh,36,AP-36,AP36,Warangal / Jangaon / Mahabubabad
AP,Andhra Pradesh,37,AP-37,AP37,Eluru / Jangareddygudem / Kovvur / Tadepalligudem / Tanuku / Bhimavaram / Palakollu / Chintalapudi
AP,Andhra Pradesh,39,AP-39,AP39,Andhra Pradesh (state-wide uniform series)
AP,Andhra Pradesh,40,AP-40,AP40,"Andhra Pradesh (state-wide series, 2023 onwards)"
AR,Arunachal Pradesh,01,AR-01,AR01,Itanagar
AR,Arunachal Pradesh,02,AR-02,AR02,Itanagar
AR,Arunachal Pradesh,03,AR-03,AR03,Tawang
AR,Arunachal Pradesh,04,AR-04,AR04,Bomdila
AR,Arunachal Pradesh,05,AR-05,AR05,Seppa
AR,Arunachal Pradesh,06,AR-06,AR06,Ziro
AR,Arunachal Pradesh,07,AR-07,AR07,Daporijo
AR,Arunachal Pradesh,08,AR-08,AR08,Along
AR,Arunachal Pradesh,09,AR-09,AR09,Pasighat
AR,Arunachal Pradesh,10,AR-10,AR10,Anini
AR,Arunachal Pradesh,11,AR-11,AR11,Tezu
AR,Arunachal Pradesh,12,AR-12,AR12,Changlang
AR,Arunachal Pradesh,13,AR-13,AR13,Khonsa
AR,Arunachal Pradesh,14,AR-14,AR14,Yingkiong
AS,Assam,01,AS-01,AS01,Guwahati / Kamrup
AS,Assam,02,AS-02,AS02,Nagaon
AS,Assam,03,AS-03,AS03,Jorhat
AS,Assam,04,AS-04,AS04,Sibsagar
AS,Assam,05,AS-05,AS05,Golaghat
AS,Assam,06,AS-06,AS06,Dibrugarh
AS,Assam,07,AS-07,AS07,Lakhimpur district
AS,Assam,08,AS-08,AS08,Dima Hasao
AS,Assam,09,AS-09,AS09,Karbi Anglong
AS,Assam,10,AS-10,AS10,Karimganj
AS,Assam,11,AS-11,AS11,Cachar
AS,Assam,12,AS-12,AS12,Sonitpur
AS,Assam,13,AS-13,AS13,Darrang
AS,Assam,14,AS-14,AS14,Nalbari
AS,Assam,15,AS-15,AS15,Barpeta
AS,Assam,16,AS-16,AS16,Kokrajhar
AS,Assam,17,AS-17,AS17,Dhubri
AS,Assam,18,AS-18,AS18,Goalpara
AS,Assam,19,AS-19,AS19,Bongaigaon
AS,Assam,20,AS-20,AS20,Assam State Transport Corporation
AS,Assam,21,AS-21,AS21,Marigaon
AS,Assam,22,AS-22,AS22,Dhemaji
AS,Assam,23,AS-23,AS23,Tinsukia
AS,Assam,24,AS-24,AS24,Hailakandi
AS,Assam,25,AS-25,AS25,Guwahati no longer used
AS,Assam,27,AS-27,AS27,Udalguri
AS,Assam,30,AS-30,AS30,Assam Police vehicles
AS,Assam,31,AS-31,AS31,Assam Police
BR,Bihar,01,BR-01,BR01,Patna
BR,Bihar,02,BR-02,BR02,Gaya
BR,Bihar,03,BR-03,BR03,Bhojpur
BR,Bihar,04,BR-04,BR04,Chapra
BR,Bihar,05,BR-05,BR05,Motihari
BR,Bihar,06,BR-06,BR06,Muzaffarpur
BR,Bihar,07,BR-07,BR07,Darbhanga
BR,Bihar,08,BR-08,BR08,Munger
BR,Bihar,09,BR-09,BR09,Begusarai
BR,Bihar,10,BR-10,BR10,Bhagalpur
BR,Bihar,11,BR-11,BR11,Purnea
BR,Bihar,18,BR-18,BR18,Chaibasa
BR,Bihar,19,BR-19,BR19,Saharsa
BR,Bihar,20,BR-20,BR20,"Not allotted (transferred to Jharkhand, 2000)"
BR,Bihar,21,BR-21,BR21,Nalanda
BR,Bihar,22,BR-22,BR22,Bettiah
BR,Bihar,23,BR-23,BR23,Giridih
BR,Bihar,24,BR-24,BR24,Dehri
BR,Bihar,25,BR-25,BR25,Jehanabad
BR,Bihar,26,BR-26,BR26,Aurangabad
BR,Bihar,27,BR-27,BR27,Nawada
BR,Bihar,28,BR-28,BR28,Gopalganj
BR,Bihar,29,BR-29,BR29,Siwan
BR,Bihar,30,BR-30,BR30,Sitamarhi
BR,Bihar,31,BR-31,BR31,Vaishali district
BR,Bihar,32,BR-32,BR32,Madhubani
BR,Bihar,33,BR-33,BR33,Samastipur
BR,Bihar,34,BR-34,BR34,Khagaria
BR,Bihar,35,BR-35,BR35,"Not allotted (transferred to Jharkhand, 2000)"
BR,Bihar,36,BR-36,BR36,"Not allotted (transferred to Jharkhand, 2000)"
BR,Bihar,37,BR-37,BR37,Kishanganj
BR,Bihar,38,BR-38,BR38,Araria
BR,Bihar,39,BR-39,BR39,Katihar
BR,Bihar,40,BR-40,BR40,"Not allotted (transferred to Jharkhand, 2000)"
BR,Bihar,41,BR-41,BR41,"Not allotted (transferred to Jharkhand, 2000)"
BR,Bihar,42,BR-42,BR42,"Not allotted (transferred to Jharkhand, 2000)"
BR,Bihar,43,BR-43,BR43,Madhepura
BR,Bihar,44,BR-44,BR44,Buxar
BR,Bihar,45,BR-45,BR45,Bhabua
BR,Bihar,46,BR-46,BR46,Jamui
BR,Bihar,47,BR-47,BR47,Koderma
BR,Bihar,50,BR-50,BR50,Supaul
BR,Bihar,51,BR-51,BR51,Banka
BR,Bihar,52,BR-52,BR52,Sheikhpura
BR,Bihar,53,BR-53,BR53,Lakhisarai
BR,Bihar,54,BR-54,BR54,Not allotted
BR,Bihar,55,BR-55,BR55,Not allotted
BR,Bihar,56,BR-56,BR56,Arwal
CG,Chhattisgarh,01,CG-01,CG01,Governor of Chattisgarh
CG,Chhattisgarh,02,CG-02,CG02,Government of Chattisgarh
CG,Chhattisgarh,03,CG-03,CG03,Chattisgarh Police
CG,Chhattisgarh,04,CG-04,CG04,Raipur
CG,Chhattisgarh,05,CG-05,CG05,Dhamtari
CG,Chhattisgarh,06,CG-06,CG06,Mahasamund
CG,Chhattisgarh,07,CG-07,CG07,Durg
CG,Chhattisgarh,08,CG-08,CG08,Rajnandgaon
CG,Chhattisgarh,09,CG-09,CG09,Kawardha
CG,Chhattisgarh,10,CG-10,CG10,Bilaspur
CG,Chhattisgarh,11,CG-11,CG11,JanjgirChampa
CG,Chhattisgarh,12,CG-12,CG12,Korba
CG,Chhattisgarh,13,CG-13,CG13,Raigarh
CG,Chhattisgarh,14,CG-14,CG14,Jashpur
CG,Chhattisgarh,15,CG-15,CG15,Ambikapur
CG,Chhattisgarh,16,CG-16,CG16,Baikunthpur
CG,Chhattisgarh,17,CG-17,CG17,Jagdalpur
CG,Chhattisgarh,18,CG-18,CG18,Dantewada
CG,Chhattisgarh,19,CG-19,CG19,Kanker
CG,Chhattisgarh,20,CG-20,CG20,Bijapur
CH,Chandigarh,01,CH-01,CH01,Chandigarh
CH,Chandigarh,02,CH-02,CH02,Chandigarh Commercial Vehicles
CH,Chandigarh,03,CH-03,CH03,Chandigarh
CH,Chandigarh,04,CH-04,CH04,Chandigarh
DD,Daman and Diu,02,DD-02,DD02,Diu
DD,Daman and Diu,03,DD-03,DD03,Daman
DL,Delhi,01,DL-01,DL01,Delhi North: Mall Road
DL,Delhi,02,DL-02,DL02,New Delhi: Tilak Marg
DL,Delhi,03,DL-03,DL03,South Delhi South: Sheikh Sarai
DL,Delhi,04,DL-04,DL04,West Delhi West 1: West Janakpuri
DL,Delhi,05,DL-05,DL05,North East Delhi: Loni Road
DL,Delhi,06,DL-06,DL06,Central Delhi Central: Sarai Kale Khan
DL,Delhi,07,DL-07,DL07,East Delhi East 1: Mayur Vihar
DL,Delhi,08,DL-08,DL08,North West Delhi 1: Wazir Pur
DL,Delhi,09,DL-09,DL09,South West Delhi South West 1: Janakpuri / Palam
DL,Delhi,10,DL-10,DL10,West DelhiII: Raja Garden
DL,Delhi,11,DL-11,DL11,North West Delhi North West Zone II: Rohini
DL,Delhi,12,DL-12,DL12,South West Delhi South West II: Vasant Vihar
DL,Delhi,13,DL-13,DL13,East Delhi II: Surajmal Vihar / Shahdara
DL,Delhi,14,DL-14,DL14,Sonipat due to the NCR / effectively situated in Haryana
DL,Delhi,15,DL-15,DL15,Gurgaon due to the NCR / effectively situated in Haryana
DL,Delhi,16,DL-16,DL16,Faridabad due to the NCR / effectively situated in Haryana
DL,Delhi,17,DL-17,DL17,Noida due to the NCR / effectively situated in Uttar Pradesh
DL,Delhi,18,DL-18,DL18,Ghaziabad due to the NCR / effectively situated in Uttar Pradesh
DN,Dadra and Nagar Haveli,09,DN-09,DN09,Silvassa
GA,Goa,01,GA-01,GA01,Panaji
GA,Goa,02,GA-02,GA02,Margao
GA,Goa,03,GA-03,GA03,Mapusa
GA,Goa,04,GA-04,GA04,Bicholim
GA,Goa,05,GA-05,GA05,Ponda
GA,Goa,06,GA-06,GA06,Vasco da Gama
GA,Goa,07,GA-07,GA07,Panaji
GA,Goa,08,GA-08,GA08,Margao
GA,Goa,09,GA-09,GA09,Quepem
GA,Goa,10,GA-10,GA10,Canacona
GA,Goa,11,GA-11,GA11,Pernem
GJ,Gujarat,01,GJ-01,GJ01,Ahmedabad
GJ,Gujarat,02,GJ-02,GJ02,Mehsana
GJ,Gujarat,03,GJ-03,GJ03,Rajkot
GJ,Gujarat,04,GJ-04,GJ04,Bhavnagar
GJ,Gujarat,05,GJ-05,GJ05,Surat
GJ,Gujarat,06,GJ-06,GJ06,Vadodara
GJ,Gujarat,07,GJ-07,GJ07,Kheda
GJ,Gujarat,08,GJ-08,GJ08,Palanpur
GJ,Gujarat,09,GJ-09,GJ09,Sabarkantha
GJ,Gujarat,10,GJ-10,GJ10,Jamnagar
GJ,Gujarat,11,GJ-11,GJ11,Junagadh
GJ,Gujarat,12,GJ-12,GJ12,Kutch
GJ,Gujarat,13,GJ-13,GJ13,Surendranagar
GJ,Gujarat,14,GJ-14,GJ14,Amreli
GJ,Gujarat,15,GJ-15,GJ15,Valsad
GJ,Gujarat,16,GJ-16,GJ16,Bharuch
GJ,Gujarat,17,GJ-17,GJ17,Panchmahal
GJ,Gujarat,18,GJ-18,GJ18,Gandhinagar
GJ,Gujarat,19,GJ-19,GJ19,Bardoli
GJ,Gujarat,20,GJ-20,GJ20,Dahod
GJ,Gujarat,21,GJ-21,GJ21,Navsari
GJ,Gujarat,22,GJ-22,GJ22,Narmada
GJ,Gujarat,23,GJ-23,GJ23,Anand
GJ,Gujarat,24,GJ-24,GJ24,Patan
GJ,Gujarat,25,GJ-25,GJ25,Porbandar
GJ,Gujarat,26,GJ-26,GJ26,Vyara
GJ,Gujarat,27,GJ-27,GJ27,East Ahmedabad
GJ,Gujarat,28,GJ-28,GJ28,West Surat
GJ,Gujarat,29,GJ-29,GJ29,Vadodara rural
GJ,Gujarat,30,GJ-30,GJ30,East Rajkot
HP,Himachal Pradesh,03,HP-03,HP03,Shimla Urban
HP,Himachal Pradesh,04,HP-04,HP04,Dharamsala
HP,Himachal Pradesh,05,HP-05,HP05,Mandi
HP,Himachal Pradesh,06,HP-06,HP06,Rampur Bushar
HP,Himachal Pradesh,07,HP-07,HP07,Shimla
HP,Himachal Pradesh,08,HP-08,HP08,Chaupal
HP,Himachal Pradesh,09,HP-09,HP09,Theog
HP,Himachal Pradesh,10,HP-10,HP10,Rohru
HP,Himachal Pradesh,11,HP-11,HP11,Arki
HP,Himachal Pradesh,12,HP-12,HP12,Nalagarh
HP,Himachal Pradesh,13,HP-13,HP13,Kandaghat
HP,Himachal Pradesh,14,HP-14,HP14,Solan
HP,Himachal Pradesh,15,HP-15,HP15,Parwanoo
HP,Himachal Pradesh,16,HP-16,HP16,Rajgarh
HP,Himachal Pradesh,17,HP-17,HP17,Paonta Sahib
HP,Himachal Pradesh,18,HP-18,HP18,Nahan
HP,Himachal Pradesh,19,HP-19,HP19,Amb
HP,Himachal Pradesh,20,HP-20,HP20,Una
HP,Himachal Pradesh,21,HP-21,HP21,Barsar
HP,Himachal Pradesh,22,HP-22,HP22,Hamirpur
HP,Himachal Pradesh,23,HP-23,HP23,Ghumarwin
HP,Himachal Pradesh,24,HP-24,HP24,Bilaspur
HP,Himachal Pradesh,25,HP-25,HP25,Kalpa
HP,Himachal Pradesh,26,HP-26,HP26,Nichar
HP,Himachal Pradesh,27,HP-27,HP27,Pooh
HP,Himachal Pradesh,28,HP-28,HP28,Sarkaghat
HP,Himachal Pradesh,29,HP-29,HP29,Jogindernagar
HP,Himachal Pradesh,30,HP-30,HP30,Karsog
HP,Himachal Pradesh,31,HP-31,HP31,Sundernagar
HP,Himachal Pradesh,32,HP-32,HP32,Mandi
HP,Himachal Pradesh,33,HP-33,HP33,Mandi
HP,Himachal Pradesh,34,HP-34,HP34,Kullu
HP,Himachal Pradesh,35,HP-35,HP35,Anni
HP,Himachal Pradesh,36,HP-36,HP36,Dehra
HP,Himachal Pradesh,37,HP-37,HP37,Palampur
HP,Himachal Pradesh,38,HP-38,HP38,Nurpur
HP,Himachal Pradesh,39,HP-39,HP39,Dharamshala
HP,Himachal Pradesh,40,HP-40,HP40,Kangra
HP,Himachal Pradesh,41,HP-41,HP41,Kaza
HP,Himachal Pradesh,42,HP-42,HP42,Keylong
HP,Himachal Pradesh,43,HP-43,HP43,Udaipur
HP,Himachal Pradesh,44,HP-44,HP44,Churah
HP,Himachal Pradesh,45,HP-45,HP45,Pangi
HP,Himachal Pradesh,46,HP-46,HP46,Bharmour
HP,Himachal Pradesh,47,HP-47,HP47,Dalhousie
HP,Himachal Pradesh,48,HP-48,HP48,Chamba
HP,Himachal Pradesh,49,HP-49,HP49,Banjar
HP,Himachal Pradesh,50,HP-50,HP50,Shimla
HP,Himachal Pradesh,53,HP-53,HP53,Baijnath
HP,Himachal Pradesh,54,HP-54,HP54,Jawali
HP,Himachal Pradesh,55,HP-55,HP55,Nadaun / Hamirpur
HP,Himachal Pradesh,56,HP-56,HP56,Jaisinghpur
HP,Himachal Pradesh,57,HP-57,HP57,Chowari
HP,Himachal Pradesh,58,HP-58,HP58,Manali
HP,Himachal Pradesh,62,HP-62,HP62,DodraKwar
HP,Himachal Pradesh,63,HP-63,HP63,Shimla
HP,Himachal Pradesh,64,HP-64,HP64,Solan
HP,Himachal Pradesh,65,HP-65,HP65,Mandi
HP,Himachal Pradesh,66,HP-66,HP66,Kullu
HP,Himachal Pradesh,67,HP-67,HP67,Hamirpur
HP,Himachal Pradesh,68,HP-68,HP68,Kangra
HP,Himachal Pradesh,69,HP-69,HP69,Bilaspur
HP,Himachal Pradesh,71,HP-71,HP71,Nahan
HP,Himachal Pradesh,72,HP-72,HP72,Una
HP,Himachal Pradesh,73,HP-73,HP73,Chamba
HP,Himachal Pradesh,74,HP-74,HP74,Bhoranj
HP,Himachal Pradesh,76,HP-76,HP76,Paddhar
HR,Haryana,01,HR-01,HR01,Ambala
HR,Haryana,02,HR-02,HR02,Yamuna Nagar
HR,Haryana,03,HR-03,HR03,Panchkula
HR,Haryana,04,HR-04,HR04,Naraingarh
HR,Haryana,05,HR-05,HR05,Karnal
HR,Haryana,06,HR-06,HR06,Panipat
HR,Haryana,07,HR-07,HR07,Kuru
HR,Haryana,08,HR-08,HR08,Kaithal
HR,Haryana,09,HR-09,HR09,Guhla
HR,Haryana,10,HR-10,HR10,Sonepat
HR,Haryana,11,HR-11,HR11,Gohana
HR,Haryana,12,HR-12,HR12,Rohtak
HR,Haryana,13,HR-13,HR13,Bahadurgarh
HR,Haryana,14,HR-14,HR14,Jhajjar
HR,Haryana,15,HR-15,HR15,Meham
HR,Haryana,16,HR-16,HR16,Bhiwani
HR,Haryana,17,HR-17,HR17,Siwani
HR,Haryana,18,HR-18,HR18,Loharu
HR,Haryana,19,HR-19,HR19,Charkhi Dadri
HR,Haryana,20,HR-20,HR20,Hisar
HR,Haryana,21,HR-21,HR21,Hansi
HR,Haryana,22,HR-22,HR22,Fatehabad
HR,Haryana,23,HR-23,HR23,Tohana
HR,Haryana,24,HR-24,HR24,Sirsa
HR,Haryana,25,HR-25,HR25,Dabwali
HR,Haryana,26,HR-26,HR26,Gurgaon
HR,Haryana,27,HR-27,HR27,Nuh
HR,Haryana,28,HR-28,HR28,Ferozepur Jhirka
HR,Haryana,29,HR-29,HR29,Ballabgarh
HR,Haryana,30,HR-30,HR30,Palwal
HR,Haryana,31,HR-31,HR31,Jind
HR,Haryana,32,HR-32,HR32,Narwana
HR,Haryana,33,HR-33,HR33,Safidon
HR,Haryana,34,HR-34,HR34,Mohindergarh
HR,Haryana,35,HR-35,HR35,Narnaul
HR,Haryana,36,HR-36,HR36,Rewari
HR,Haryana,37,HR-37,HR37,Ambala
HR,Haryana,38,HR-38,HR38,Faridabad
HR,Haryana,39,HR-39,HR39,Hisar
HR,Haryana,40,HR-40,HR40,Assandh
HR,Haryana,41,HR-41,HR41,Pehowa
HR,Haryana,42,HR-42,HR42,Ganaur
HR,Haryana,43,HR-43,HR43,Kosli
HR,Haryana,44,HR-44,HR44,Ellenabad
HR,Haryana,45,HR-45,HR45,Karnal
HR,Haryana,46,HR-46,HR46,Rohtak
HR,Haryana,47,HR-47,HR47,Rewari
HR,Haryana,48,HR-48,HR48,Tosham
HR,Haryana,49,HR-49,HR49,Kalka
HR,Haryana,50,HR-50,HR50,Hodal
HR,Haryana,51,HR-51,HR51,Faridabad
HR,Haryana,52,HR-52,HR52,Hatin
HR,Haryana,53,HR-53,HR53,Adampur
HR,Haryana,54,HR-54,HR54,Ambala Barara
HR,Haryana,55,HR-55,HR55,Gurgaon
HR,Haryana,56,HR-56,HR56,Jind
HR,Haryana,57,HR-57,HR57,Sirsa
HR,Haryana,58,HR-58,HR58,Jagadhari / Yamuna Nagar
HR,Haryana,59,HR-59,HR59,Ratia
HR,Haryana,60,HR-60,HR60,Samalkha
HR,Haryana,61,HR-61,HR61,Bhiwani
HR,Haryana,62,HR-62,HR62,Fatehabad
HR,Haryana,63,HR-63,HR63,Jhajjar
HR,Haryana,64,HR-64,HR64,Kaithal
HR,Haryana,65,HR-65,HR65,Kurukshetra
HR,Haryana,66,HR-66,HR66,Narnaul
HR,Haryana,67,HR-67,HR67,Panipat
HR,Haryana,68,HR-68,HR68,Panchkula
HR,Haryana,69,HR-69,HR69,Sonipat
HR,Haryana,70,HR-70,HR70,This series belongs to the Transport Commissioner in Chandigarh
HR,Haryana,71,HR-71,HR71,Bilaspur
HR,Haryana,72,HR-72,HR72,Gurgaon
HR,Haryana,73,HR-73,HR73,Palwal
HR,Haryana,74,HR-74,HR74,Mewat
HR,Haryana,75,HR-75,HR75,Indri
HR,Haryana,76,HR-76,HR76,Pataudi
HR,Haryana,77,HR-77,HR77,Beri
HR,Haryana,78,HR-78,HR78,Sahabad
HR,Haryana,79,HR-79,HR79,Kharkhoda
HR,Haryana,80,HR-80,HR80,Barwala
HR,Haryana,86,HR-86,HR86,Sonipat
HR,Haryana,88,HR-88,HR88,Kundli
HR,Haryana,99,HR-99,HR99,Trade Certificate / Temporary Registration
JH,Jharkhand,01,JH-01,JH01,Ranchi
JH,Jharkhand,02,JH-02,JH02,Hazaribagh / Ramgarh
JH,Jharkhand,03,JH-03,JH03,Daltonganj
JH,Jharkhand,04,JH-04,JH04,Dumka
JH,Jharkhand,05,JH-05,JH05,Jamshedpur
JH,Jharkhand,06,JH-06,JH06,Chaibasa
JH,Jharkhand,07,JH-07,JH07,Gumla
JH,Jharkhand,08,JH-08,JH08,Lohardaga
JH,Jharkhand,09,JH-09,JH09,Bokaro Steel City
JH,Jharkhand,10,JH-10,JH10,Dhanbad
JH,Jharkhand,11,JH-11,JH11,Giridih
JH,Jharkhand,12,JH-12,JH12,Koderma
JH,Jharkhand,13,JH-13,JH13,Chatra
JH,Jharkhand,14,JH-14,JH14,Garhwa
JH,Jharkhand,15,JH-15,JH15,Deoghar
JH,Jharkhand,16,JH-16,JH16,Pakur
JH,Jharkhand,17,JH-17,JH17,Godda
JH,Jharkhand,18,JH-18,JH18,Sahibganj
JH,Jharkhand,19,JH-19,JH19,Latehar
JH,Jharkhand,20,JH-20,JH20,Simdega
JH,Jharkhand,21,JH-21,JH21,Jamtara
JH,Jharkhand,22,JH-22,JH22,SaraikelaKharsawan
JK,Jammu and Kashmir,01,JK-01,JK01,Srinagar
JK,Jammu and Kashmir,02,JK-02,JK02,Jammu
JK,Jammu and Kashmir,03,JK-03,JK03,Anantnag
JK,Jammu and Kashmir,04,JK-04,JK04,Budgam
JK,Jammu and Kashmir,05,JK-05,JK05,Baramulla
JK,Jammu and Kashmir,06,JK-06,JK06,Doda
JK,Jammu and Kashmir,07,JK-07,JK07,Kargil
JK,Jammu and Kashmir,08,JK-08,JK08,Kathua
JK,Jammu and Kashmir,09,JK-09,JK09,Kupwara
JK,Jammu and Kashmir,10,JK-10,JK10,Leh
JK,Jammu and Kashmir,11,JK-11,JK11,Rajouri
JK,Jammu and Kashmir,12,JK-12,JK12,Poonch
JK,Jammu and Kashmir,13,JK-13,JK13,Pulwama
JK,Jammu and Kashmir,14,JK-14,JK14,Udhampur
JK,Jammu and Kashmir,15,JK-15,JK15,Bandipora
JK,Jammu and Kashmir,16,JK-16,JK16,Ganderbal
JK,Jammu and Kashmir,17,JK-17,JK17,Kishtwar
JK,Jammu and Kashmir,18,JK-18,JK18,Kulgam
JK,Jammu and Kashmir,19,JK-19,JK19,Ramban
JK,Jammu and Kashmir,20,JK-20,JK20,Reasi
JK,Jammu and Kashmir,21,JK-21,JK21,Samba
JK,Jammu and Kashmir,22,JK-22,JK22,Shopian
KA,Karnataka,01,KA-01,KA01,Bangalore Central
KA,Karnataka,02,KA-02,KA02,Bangalore West
KA,Karnataka,03,KA-03,KA03,Bangalore East
KA,Karnataka,04,KA-04,KA04,Bangalore North
KA,Karnataka,05,KA-05,KA05,Bangalore South]]
KA,Karnataka,06,KA-06,KA06,Tumkur
KA,Karnataka,07,KA-07,KA07,Kolar
KA,Karnataka,08,KA-08,KA08,Kolar Gold Fields
KA,Karnataka,09,KA-09,KA09,Mysore West
KA,Karnataka,10,KA-10,KA10,Chamrajnagar
KA,Karnataka,11,KA-11,KA11,Mandya
KA,Karnataka,12,KA-12,KA12,Madikeri
KA,Karnataka,13,KA-13,KA13,Hassan
KA,Karnataka,14,KA-14,KA14,Shimoga
KA,Karnataka,15,KA-15,KA15,Sagara
KA,Karnataka,16,KA-16,KA16,Chitradurga
KA,Karnataka,17,KA-17,KA17,Davangere
KA,Karnataka,18,KA-18,KA18,Chickmagalur
KA,Karnataka,19,KA-19,KA19,Mangalore
KA,Karnataka,20,KA-20,KA20,Udupi
KA,Karnataka,21,KA-21,KA21,Puttur / Sullia
KA,Karnataka,22,KA-22,KA22,Belgaum
KA,Karnataka,23,KA-23,KA23,Chikkodi
KA,Karnataka,24,KA-24,KA24,Bailhongal
KA,Karnataka,25,KA-25,KA25,Dharwad
KA,Karnataka,26,KA-26,KA26,Gadag
KA,Karnataka,27,KA-27,KA27,Haveri
KA,Karnataka,28,KA-28,KA28,Bijapur
KA,Karnataka,29,KA-29,KA29,Bagalkot
KA,Karnataka,30,KA-30,KA30,Karwar
KA,Karnataka,31,KA-31,KA31,Sirsi
KA,Karnataka,32,KA-32,KA32,Gulbarga
KA,Karnataka,33,KA-33,KA33,Yadgir
KA,Karnataka,34,KA-34,KA34,Bellary
KA,Karnataka,35,KA-35,KA35,Hospet
KA,Karnataka,36,KA-36,KA36,Raichur
KA,Karnataka,37,KA-37,KA37,Koppal
KA,Karnataka,38,KA-38,KA38,Bidar
KA,Karnataka,39,KA-39,KA39,Bhalki
KA,Karnataka,40,KA-40,KA40,Chikkaballapur
KA,Karnataka,41,KA-41,KA41,Rajarajeshwari Nagar / Bangalore Urban district
KA,Karnataka,42,KA-42,KA42,Ramanagara
KA,Karnataka,43,KA-43,KA43,Devanahalli / Bangalore Rural district
KA,Karnataka,44,KA-44,KA44,Tiptur
KA,Karnataka,45,KA-45,KA45,Hunsur
KA,Karnataka,46,KA-46,KA46,Sakleshpur
KA,Karnataka,47,KA-47,KA47,Honnavar
KA,Karnataka,48,KA-48,KA48,Jamkhandi
KA,Karnataka,49,KA-49,KA49,Gokak
KA,Karnataka,50,KA-50,KA50,Yelahanka / Bangalore Urban district
KA,Karnataka,51,KA-51,KA51,Electronics City / Bangalore Urban district
KA,Karnataka,52,KA-52,KA52,Nelamangala / Bangalore Urban district
KA,Karnataka,53,KA-53,KA53,K.R. Puram / Bangalore Urban district
KA,Karnataka,54,KA-54,KA54,Nagamangala
KA,Karnataka,55,KA-55,KA55,Mysore East
KA,Karnataka,56,KA-56,KA56,Basavakalyan
KA,Karnataka,57,KA-57,KA57,Shantinagar / Bangalore Urban district
KL,Kerala,01,KL-01,KL01,Thiruvananthapuram City
KL,Kerala,02,KL-02,KL02,Kollam
KL,Kerala,03,KL-03,KL03,Pathanamthitta
KL,Kerala,04,KL-04,KL04,Alappuzha
KL,Kerala,05,KL-05,KL05,Kottayam
KL,Kerala,06,KL-06,KL06,Idukki
KL,Kerala,07,KL-07,KL07,Eranakulam
KL,Kerala,08,KL-08,KL08,Thrissur
KL,Kerala,09,KL-09,KL09,Palakkad
KL,Kerala,10,KL-10,KL10,Malappuram
KL,Kerala,11,KL-11,KL11,Kozhikode
KL,Kerala,12,KL-12,KL12,Wayanad
KL,Kerala,13,KL-13,KL13,Kannur
KL,Kerala,14,KL-14,KL14,Kasargode
KL,Kerala,15,KL-15,KL15,Thiruvananthapuram
KL,Kerala,16,KL-16,KL16,ThiruvananthapuramAttingal
KL,Kerala,17,KL-17,KL17,Muvattupuzha
KL,Kerala,18,KL-18,KL18,Vadakara
KL,Kerala,19,KL-19,KL19,ThiruvananthapuramParassala
KL,Kerala,20,KL-20,KL20,ThiruvananthapuramNeyyattinkara
KL,Kerala,21,KL-21,KL21,ThiruvananthapuramNedumangad
KL,Kerala,22,KL-22,KL22,Kazhakkoottam
KL,Kerala,23,KL-23,KL23,Karunagapally
KL,Kerala,24,KL-24,KL24,Kottarakara
KL,Kerala,25,KL-25,KL25,Punalur
KL,Kerala,26,KL-26,KL26,Adoor
KL,Kerala,27,KL-27,KL27,Thiruvalla
KL,Kerala,28,KL-28,KL28,Mallappally
KL,Kerala,29,KL-29,KL29,Kayamkulam
KL,Kerala,30,KL-30,KL30,Chengannur
KL,Kerala,31,KL-31,KL31,Mavelikara
KL,Kerala,32,KL-32,KL32,Cherthala
KL,Kerala,33,KL-33,KL33,Changanassery
KL,Kerala,34,KL-34,KL34,Kanjirappally
KL,Kerala,35,KL-35,KL35,Pala
KL,Kerala,36,KL-36,KL36,Vaikom
KL,Kerala,37,KL-37,KL37,Vandiperiyar
KL,Kerala,38,KL-38,KL38,Thodupuzha
KL,Kerala,39,KL-39,KL39,Thripunithura
KL,Kerala,40,KL-40,KL40,Perumbavoor
KL,Kerala,41,KL-41,KL41,Aluva
KL,Kerala,42,KL-42,KL42,North Paravur
KL,Kerala,43,KL-43,KL43,Mattancherry
KL,Kerala,44,KL-44,KL44,kothamangalam
KL,Kerala,45,KL-45,KL45,Irinjalakuda
KL,Kerala,46,KL-46,KL46,Guruvayur
KL,Kerala,47,KL-47,KL47,Kodungallur
KL,Kerala,48,KL-48,KL48,Wadakkancherry
KL,Kerala,49,KL-49,KL49,Alathur
KL,Kerala,50,KL-50,KL50,Mannarghat
KL,Kerala,51,KL-51,KL51,Ottappalam
KL,Kerala,52,KL-52,KL52,Pattambi
KL,Kerala,53,KL-53,KL53,Perinthalmanna
KL,Kerala,54,KL-54,KL54,Ponnani
KL,Kerala,55,KL-55,KL55,Tirur
KL,Kerala,56,KL-56,KL56,Koyilandi
KL,Kerala,57,KL-57,KL57,Koduvally
KL,Kerala,58,KL-58,KL58,Thalassery
KL,Kerala,59,KL-59,KL59,Thaliparamba
KL,Kerala,60,KL-60,KL60,Kanhangad
KL,Kerala,61,KL-61,KL61,Kunnathur
KL,Kerala,62,KL-62,KL62,Ranni
KL,Kerala,63,KL-63,KL63,Angamaly
KL,Kerala,64,KL-64,KL64,Chalakkudy
KL,Kerala,65,KL-65,KL65,Thirurangadi
LA,Ladakh,01,LA-01,LA01,Leh
LA,Ladakh,02,LA-02,LA02,Kargil
LD,Lakshadweep,01,LD-01,LD01,Kavaratti
MH,Maharashtra,01,MH-01,MH01,Mumbai RTO is located in Tardeo
MH,Maharashtra,02,MH-02,MH02,Mumbai RTO is located in Andheri West
MH,Maharashtra,03,MH-03,MH03,Mumbai RTO is located in Wadala
MH,Maharashtra,04,MH-04,MH04,Thane
MH,Maharashtra,05,MH-05,MH05,Thane: Kalyan / Dombivli / Ulhasnagar / Ambernath and Badlapur RTO is located in Kalyan
MH,Maharashtra,06,MH-06,MH06,Raigad RTO is located in Pen
MH,Maharashtra,07,MH-07,MH07,Sindhudurg
MH,Maharashtra,08,MH-08,MH08,Ratnagiri
MH,Maharashtra,09,MH-09,MH09,Kolhapur
MH,Maharashtra,10,MH-10,MH10,Sangli
MH,Maharashtra,11,MH-11,MH11,Satara
MH,Maharashtra,12,MH-12,MH12,Pune
MH,Maharashtra,13,MH-13,MH13,Solapur
MH,Maharashtra,14,MH-14,MH14,Pune RTO is located in PimpriChinchwad
MH,Maharashtra,15,MH-15,MH15,Nashik
MH,Maharashtra,16,MH-16,MH16,Ahmednagar
MH,Maharashtra,17,MH-17,MH17,Shrirampur
MH,Maharashtra,18,MH-18,MH18,Dhule
MH,Maharashtra,19,MH-19,MH19,Jalgaon
MH,Maharashtra,20,MH-20,MH20,Aurangabad
MH,Maharashtra,21,MH-21,MH21,Jalna
MH,Maharashtra,22,MH-22,MH22,Parbhani
MH,Maharashtra,23,MH-23,MH23,Beed
MH,Maharashtra,24,MH-24,MH24,Latur
MH,Maharashtra,25,MH-25,MH25,Osmanabad
MH,Maharashtra,26,MH-26,MH26,Nanded
MH,Maharashtra,27,MH-27,MH27,Amravati
MH,Maharashtra,28,MH-28,MH28,Buldana
MH,Maharashtra,29,MH-29,MH29,Yavatmal RTO is located on Nagpur Road
MH,Maharashtra,30,MH-30,MH30,Akola
MH,Maharashtra,31,MH-31,MH31,Nagpur
MH,Maharashtra,32,MH-32,MH32,Wardha
MH,Maharashtra,33,MH-33,MH33,Gadchiroli
MH,Maharashtra,34,MH-34,MH34,Chandrapur
MH,Maharashtra,35,MH-35,MH35,Gondia
MH,Maharashtra,36,MH-36,MH36,Bhandara
MH,Maharashtra,37,MH-37,MH37,Washim
MH,Maharashtra,38,MH-38,MH38,Hingoli
MH,Maharashtra,39,MH-39,MH39,Nandurbar
MH,Maharashtra,40,MH-40,MH40,Wadi / Nagpur
MH,Maharashtra,41,MH-41,MH41,Malegaon
MH,Maharashtra,42,MH-42,MH42,Baramati
MH,Maharashtra,43,MH-43,MH43,Navi Mumbai RTO is located in Vashi
MH,Maharashtra,44,MH-44,MH44,Ambejogai
MH,Maharashtra,45,MH-45,MH45,Akluj
MH,Maharashtra,46,MH-46,MH46,Panvel
MH,Maharashtra,47,MH-47,MH47,Borivali / Mumbai[2]
MH,Maharashtra,48,MH-48,MH48,Vasai Thane RTO is located in Virar
MH,Maharashtra,49,MH-49,MH49,Nagpur RTO is located on Bhandara Road
MH,Maharashtra,50,MH-50,MH50,Karad RTO is located in Karad
ML,Meghalaya,01,ML-01,ML01,Shillong
ML,Meghalaya,02,ML-02,ML02,Shillong
ML,Meghalaya,03,ML-03,ML03,Shillong
ML,Meghalaya,04,ML-04,ML04,Jaintia Hills
ML,Meghalaya,05,ML-05,ML05,East Khasi Hills
ML,Meghalaya,06,ML-06,ML06,West Khasi Hills
ML,Meghalaya,07,ML-07,ML07,East Garo Hills
ML,Meghalaya,08,ML-08,ML08,West Garo Hills
ML,Meghalaya,09,ML-09,ML09,South Garo Hills
ML,Meghalaya,10,ML-10,ML10,RiBhoi
MN,Manipur,01,MN-01,MN01,Imphal
MN,Manipur,02,MN-02,MN02,Churachandpur
MN,Manipur,03,MN-03,MN03,Kangpokpi
MN,Manipur,04,MN-04,MN04,Thoubal
MP,Madhya Pradesh,01,MP-01,MP01,State Governor's Vehicle
MP,Madhya Pradesh,02,MP-02,MP02,M.P. Government Vehicle
MP,Madhya Pradesh,03,MP-03,MP03,M.P. Police Vehicle
MP,Madhya Pradesh,04,MP-04,MP04,Bhopal
MP,Madhya Pradesh,05,MP-05,MP05,Hoshangabad
MP,Madhya Pradesh,06,MP-06,MP06,Morena
MP,Madhya Pradesh,07,MP-07,MP07,Gwalior
MP,Madhya Pradesh,08,MP-08,MP08,Guna
MP,Madhya Pradesh,09,MP-09,MP09,Indore
MP,Madhya Pradesh,10,MP-10,MP10,Khargone
MP,Madhya Pradesh,11,MP-11,MP11,Dhar
MP,Madhya Pradesh,12,MP-12,MP12,Khandwa
MP,Madhya Pradesh,13,MP-13,MP13,Ujjain
MP,Madhya Pradesh,14,MP-14,MP14,Mandsaur
MP,Madhya Pradesh,15,MP-15,MP15,Sagar
MP,Madhya Pradesh,16,MP-16,MP16,Chhatarpur
MP,Madhya Pradesh,17,MP-17,MP17,Rewa
MP,Madhya Pradesh,18,MP-18,MP18,Shahdol
MP,Madhya Pradesh,19,MP-19,MP19,Satna
MP,Madhya Pradesh,20,MP-20,MP20,Jabalpur
MP,Madhya Pradesh,21,MP-21,MP21,Katni
MP,Madhya Pradesh,22,MP-22,MP22,Seoni
MP,Madhya Pradesh,23,MP-23,MP23,Raipur
MP,Madhya Pradesh,24,MP-24,MP24,Durg
MP,Madhya Pradesh,25,MP-25,MP25,Jagdalpur
MP,Madhya Pradesh,26,MP-26,MP26,Bilaspur
MP,Madhya Pradesh,27,MP-27,MP27,Ambikapur
MP,Madhya Pradesh,28,MP-28,MP28,Chhindwara
MP,Madhya Pradesh,29,MP-29,MP29,Rajnandgaon
MP,Madhya Pradesh,30,MP-30,MP30,Bhind
MP,Madhya Pradesh,31,MP-31,MP31,Sheopur
MP,Madhya Pradesh,32,MP-32,MP32,Datia
MP,Madhya Pradesh,33,MP-33,MP33,Shivpuri
MP,Madhya Pradesh,34,MP-34,MP34,Damoh
MP,Madhya Pradesh,35,MP-35,MP35,Panna
MP,Madhya Pradesh,36,MP-36,MP36,Tikamgarh
MP,Madhya Pradesh,37,MP-37,MP37,Sehore
MP,Madhya Pradesh,38,MP-38,MP38,Raisen
MP,Madhya Pradesh,39,MP-39,MP39,Rajgarh
MP,Madhya Pradesh,40,MP-40,MP40,Vidisha
MP,Madhya Pradesh,41,MP-41,MP41,Dewas
MP,Madhya Pradesh,42,MP-42,MP42,Shajapur
MP,Madhya Pradesh,43,MP-43,MP43,Ratlam
MP,Madhya Pradesh,44,MP-44,MP44,Neemuch
MP,Madhya Pradesh,45,MP-45,MP45,Jhabua
MP,Madhya Pradesh,46,MP-46,MP46,Badwani
MP,Madhya Pradesh,47,MP-47,MP47,Harda
MP,Madhya Pradesh,48,MP-48,MP48,Betul
MP,Madhya Pradesh,49,MP-49,MP49,Narsinghpur
MP,Madhya Pradesh,50,MP-50,MP50,Balaghat
MP,Madhya Pradesh,51,MP-51,MP51,Mandla
MP,Madhya Pradesh,52,MP-52,MP52,Dindori
MP,Madhya Pradesh,53,MP-53,MP53,Sidhi
MP,Madhya Pradesh,54,MP-54,MP54,Umariya
MP,Madhya Pradesh,55,MP-55,MP55,not in use
MP,Madhya Pradesh,56,MP-56,MP56,not in use
MP,Madhya Pradesh,57,MP-57,MP57,Not allotted
MP,Madhya Pradesh,58,MP-58,MP58,not in use
MP,Madhya Pradesh,59,MP-59,MP59,Not allotted
MP,Madhya Pradesh,60,MP-60,MP60,Not allotted
MP,Madhya Pradesh,61,MP-61,MP61,Not allotted
MP,Madhya Pradesh,62,MP-62,MP62,Not allotted
MP,Madhya Pradesh,63,MP-63,MP63,Not allotted
MP,Madhya Pradesh,64,MP-64,MP64,Not allotted
MP,Madhya Pradesh,65,MP-65,MP65,Anoopur
MP,Madhya Pradesh,66,MP-66,MP66,Singrauli
MP,Madhya Pradesh,67,MP-67,MP67,Ashoknagar
MP,Madhya Pradesh,68,MP-68,MP68,Burhanpur
MP,Madhya Pradesh,69,MP-69,MP69,Alirajpur
MZ,Mizoram,01,MZ-01,MZ01,Aizawl
MZ,Mizoram,02,MZ-02,MZ02,Lunglei
MZ,Mizoram,03,MZ-03,MZ03,Saiha
MZ,Mizoram,04,MZ-04,MZ04,Champhai
MZ,Mizoram,05,MZ-05,MZ05,Kolasib
MZ,Mizoram,06,MZ-06,MZ06,Serchhip
MZ,Mizoram,07,MZ-07,MZ07,Lawngtlai
MZ,Mizoram,08,MZ-08,MZ08,Mamit
NL,Nagaland,01,NL-01,NL01,Kohima
NL,Nagaland,02,NL-02,NL02,Mokokchung
NL,Nagaland,03,NL-03,NL03,Tuensang
NL,Nagaland,04,NL-04,NL04,Mon
NL,Nagaland,05,NL-05,NL05,Wokha
NL,Nagaland,06,NL-06,NL06,Zunheboto
NL,Nagaland,07,NL-07,NL07,Dimapur
NL,Nagaland,08,NL-08,NL08,Phek
OD,Odisha,01,OD-01,OD01,Balasore
OD,Odisha,02,OD-02,OD02,Bhubaneswar
OD,Odisha,03,OD-03,OD03,Bolangir
OD,Odisha,04,OD-04,OD04,Chandikhole
OD,Odisha,05,OD-05,OD05,Cuttack
OD,Odisha,06,OD-06,OD06,Dhenkanal
OD,Odisha,07,OD-07,OD07,Ganjam
OD,Odisha,08,OD-08,OD08,Kalahandi
OD,Odisha,09,OD-09,OD09,Keonjhar
OD,Odisha,10,OD-10,OD10,Koraput
OD,Odisha,11,OD-11,OD11,Mayurbhanj
OD,Odisha,12,OD-12,OD12,Phulabani
OD,Odisha,13,OD-13,OD13,Puri
OD,Odisha,14,OD-14,OD14,Rourkela
OD,Odisha,15,OD-15,OD15,Sambalpur
OD,Odisha,16,OD-16,OD16,Sundergarh
OD,Odisha,17,OD-17,OD17,Baragarh
OD,Odisha,18,OD-18,OD18,Rayagada
OD,Odisha,19,OD-19,OD19,Angul
OD,Odisha,20,OD-20,OD20,Gajapati
OD,Odisha,21,OD-21,OD21,Jagatsinghpur
OD,Odisha,22,OD-22,OD22,Bhadrak
OD,Odisha,23,OD-23,OD23,Jharsuguda
OD,Odisha,24,OD-24,OD24,Nabarangpur
OD,Odisha,25,OD-25,OD25,Nayagarh
OD,Odisha,26,OD-26,OD26,Nuapada
OD,Odisha,27,OD-27,OD27,Boudh
OD,Odisha,28,OD-28,OD28,Debagarh
OD,Odisha,29,OD-29,OD29,Kendarapara
OD,Odisha,30,OD-30,OD30,Malkangiri
OD,Odisha,31,OD-31,OD31,Sonepur
PB,Punjab,01,PB-01,PB01,Taxis
PB,Punjab,02,PB-02,PB02,Amritsar
PB,Punjab,03,PB-03,PB03,Bathinda
PB,Punjab,04,PB-04,PB04,Faridkot
PB,Punjab,05,PB-05,PB05,Ferozepur
PB,Punjab,06,PB-06,PB06,Gurdaspur
PB,Punjab,07,PB-07,PB07,Hoshiarpur
PB,Punjab,08,PB-08,PB08,Jalandhar
PB,Punjab,09,PB-09,PB09,Kapurthala
PB,Punjab,10,PB-10,PB10,Ludhiana
PB,Punjab,11,PB-11,PB11,Patiala
PB,Punjab,12,PB-12,PB12,Ropar
PB,Punjab,13,PB-13,PB13,Sangrur
PB,Punjab,14,PB-14,PB14,Ajnala
PB,Punjab,15,PB-15,PB15,Abohar
PB,Punjab,16,PB-16,PB16,Anandpur Sahib
PB,Punjab,17,PB-17,PB17,Baba Bakala
PB,Punjab,18,PB-18,PB18,Batala
PB,Punjab,19,PB-19,PB19,Barnala
PB,Punjab,20,PB-20,PB20,Balachaur
PB,Punjab,21,PB-21,PB21,Dasua
PB,Punjab,22,PB-22,PB22,Fazilka
PB,Punjab,23,PB-23,PB23,Fatehgarh Sahib
PB,Punjab,24,PB-24,PB24,Garhshankar
PB,Punjab,25,PB-25,PB25,Jagraon
PB,Punjab,26,PB-26,PB26,Khanna
PB,Punjab,27,PB-27,PB27,Kharar
PB,Punjab,28,PB-28,PB28,Malerkotla
PB,Punjab,29,PB-29,PB29,Moga
PB,Punjab,30,PB-30,PB30,Muktsar
PB,Punjab,31,PB-31,PB31,Mansa
PB,Punjab,32,PB-32,PB32,Nawanshahr
PB,Punjab,33,PB-33,PB33,Nakodar
PB,Punjab,34,PB-34,PB34,Nabha
PB,Punjab,35,PB-35,PB35,Pathankot
PB,Punjab,36,PB-36,PB36,Phagwara
PB,Punjab,37,PB-37,PB37,Phillaur
PB,Punjab,38,PB-38,PB38,Patti
PB,Punjab,39,PB-39,PB39,Rajpura
PB,Punjab,40,PB-40,PB40,Rampura Phul
PB,Punjab,41,PB-41,PB41,Sultanpur Lodhi
PB,Punjab,42,PB-42,PB42,Samana
PB,Punjab,43,PB-43,PB43,Samrala
PB,Punjab,44,PB-44,PB44,Sunam
PB,Punjab,45,PB-45,PB45,Talwandi Sabo
PB,Punjab,46,PB-46,PB46,Tarn Taran
PB,Punjab,47,PB-47,PB47,Zira
PB,Punjab,48,PB-48,PB48,Amloh
PB,Punjab,49,PB-49,PB49,Khamano
PB,Punjab,50,PB-50,PB50,Budhlada
PB,Punjab,51,PB-51,PB51,Jhunir / Sardulgarh
PB,Punjab,52,PB-52,PB52,Bassi Pathana
PB,Punjab,53,PB-53,PB53,Malout
PB,Punjab,54,PB-54,PB54,Mukerian
PB,Punjab,55,PB-55,PB55,Payal
PB,Punjab,56,PB-56,PB56,Raikot
PB,Punjab,57,PB-57,PB57,Bhulath
PB,Punjab,58,PB-58,PB58,Dera Baba Nanak
PB,Punjab,59,PB-59,PB59,Dhuri
PB,Punjab,60,PB-60,PB60,Gidderbaha
PB,Punjab,61,PB-61,PB61,Jalalabad
PB,Punjab,62,PB-62,PB62,Jaitu
PB,Punjab,63,PB-63,PB63,Khadoor Sahib
PB,Punjab,64,PB-64,PB64,Moonak
PB,Punjab,65,PB-65,PB65,Mohali
PB,Punjab,66,PB-66,PB66,Nihal Singh Wala
PB,Punjab,67,PB-67,PB67,Shahkot
PB,Punjab,68,PB-68,PB68,Dhar
PB,Punjab,69,PB-69,PB69,Bagha Purana
PB,Punjab,70,PB-70,PB70,Dera Bassi
PB,Punjab,71,PB-71,PB71,Chamkaur Sahib
PB,Punjab,72,PB-72,PB72,Patran
PB,Punjab,73,PB-73,PB73,Tappa Mandi
PB,Punjab,74,PB-74,PB74,Nangal
PB,Punjab,75,PB-75,PB75,Lehra
PY,Puducherry,01,PY-01,PY01,Pondicherry
PY,Puducherry,02,PY-02,PY02,Karaikal
PY,Puducherry,03,PY-03,PY03,Mahe
PY,Puducherry,04,PY-04,PY04,Yanam
RJ,Rajasthan,01,RJ-01,RJ01,Ajmer
RJ,Rajasthan,02,RJ-02,RJ02,Alwar
RJ,Rajasthan,03,RJ-03,RJ03,Banswara
RJ,Rajasthan,04,RJ-04,RJ04,Barmer
RJ,Rajasthan,05,RJ-05,RJ05,Bharatpur
RJ,Rajasthan,06,RJ-06,RJ06,Bhilwara
RJ,Rajasthan,07,RJ-07,RJ07,Bikaner
RJ,Rajasthan,08,RJ-08,RJ08,Bundi
RJ,Rajasthan,09,RJ-09,RJ09,Chittaurgarh
RJ,Rajasthan,10,RJ-10,RJ10,Churu
RJ,Rajasthan,11,RJ-11,RJ11,Dholpur
RJ,Rajasthan,12,RJ-12,RJ12,Dungarpur
RJ,Rajasthan,13,RJ-13,RJ13,Sri Ganganagar
RJ,Rajasthan,14,RJ-14,RJ14,Jaipur
RJ,Rajasthan,15,RJ-15,RJ15,Jaisalmer
RJ,Rajasthan,16,RJ-16,RJ16,Jalore
RJ,Rajasthan,17,RJ-17,RJ17,Jhalawar
RJ,Rajasthan,18,RJ-18,RJ18,Jhunjhunu
RJ,Rajasthan,19,RJ-19,RJ19,Jodhpur
RJ,Rajasthan,20,RJ-20,RJ20,Kota
RJ,Rajasthan,21,RJ-21,RJ21,Nagaur
RJ,Rajasthan,22,RJ-22,RJ22,Pali
RJ,Rajasthan,23,RJ-23,RJ23,Sikar
RJ,Rajasthan,24,RJ-24,RJ24,Sirohi
RJ,Rajasthan,25,RJ-25,RJ25,Sawai Madhopur
RJ,Rajasthan,26,RJ-26,RJ26,Tonk
RJ,Rajasthan,27,RJ-27,RJ27,Udaipur
RJ,Rajasthan,28,RJ-28,RJ28,Baran
RJ,Rajasthan,29,RJ-29,RJ29,Dausa
RJ,Rajasthan,30,RJ-30,RJ30,Rajsamand
RJ,Rajasthan,31,RJ-31,RJ31,Hanumangarh
RJ,Rajasthan,32,RJ-32,RJ32,Kotputli
RJ,Rajasthan,33,RJ-33,RJ33,Ramganj Mandi
RJ,Rajasthan,34,RJ-34,RJ34,Karauli
RJ,Rajasthan,35,RJ-35,RJ35,Pratapgarh
RJ,Rajasthan,36,RJ-36,RJ36,Beawar
RJ,Rajasthan,37,RJ-37,RJ37,Didwana
RJ,Rajasthan,38,RJ-38,RJ38,Rawhhuu
SK,Sikkim,01,SK-01,SK01,Gangtok / East Sikkim
SK,Sikkim,02,SK-02,SK02,Gyalshing / West Sikkim
SK,Sikkim,03,SK-03,SK03,Mangan / North Sikkim
SK,Sikkim,04,SK-04,SK04,Jorethang / South Sikkim
TG,Telangana,01,TG-01,TG01,Adilabad
TG,Telangana,02,TG-02,TG02,Karimnagar
TG,Telangana,03,TG-03,TG03,Warangal Urban
TG,Telangana,04,TG-04,TG04,Khammam
TG,Telangana,05,TG-05,TG05,Nalgonda
TG,Telangana,06,TG-06,TG06,Mahbubnagar
TG,Telangana,07,TG-07,TG07,Ranga Reddy
TG,Telangana,08,TG-08,TG08,Medchal-Malkajgiri
TG,Telangana,09,TG-09,TG09,Hyderabad Central (Khairatabad)
TG,Telangana,10,TG-10,TG10,Hyderabad North (Secunderabad)
TG,Telangana,11,TG-11,TG11,Hyderabad East (Malakpet)
TG,Telangana,12,TG-12,TG12,Hyderabad South (Bahadurpura)
TG,Telangana,13,TG-13,TG13,Hyderabad West (Kukatpally)
TG,Telangana,14,TG-14,TG14,Hyderabad (Reserved Series)
TG,Telangana,15,TG-15,TG15,Sangareddy
TG,Telangana,16,TG-16,TG16,Nizamabad
TG,Telangana,17,TG-17,TG17,Kamareddy
TG,Telangana,18,TG-18,TG18,Nirmal
TG,Telangana,19,TG-19,TG19,Mancherial
TG,Telangana,20,TG-20,TG20,Kumuram Bheem Asifabad
TG,Telangana,21,TG-21,TG21,Jagtial
TG,Telangana,22,TG-22,TG22,Peddapalli (Ramagundam)
TG,Telangana,23,TG-23,TG23,Rajanna Sircilla
TG,Telangana,24,TG-24,TG24,Warangal Rural
TG,Telangana,25,TG-25,TG25,Jayashankar Bhupalpally
TG,Telangana,26,TG-26,TG26,Mahabubabad
TG,Telangana,27,TG-27,TG27,Jangaon
TG,Telangana,28,TG-28,TG28,Bhadradri Kothagudem
TG,Telangana,29,TG-29,TG29,Suryapet
TG,Telangana,30,TG-30,TG30,Yadadri Bhuvanagiri
TG,Telangana,31,TG-31,TG31,Nagarkurnool
TG,Telangana,32,TG-32,TG32,Wanaparthy
TG,Telangana,33,TG-33,TG33,Jogulamba Gadwal
TG,Telangana,34,TG-34,TG34,Vikarabad
TG,Telangana,35,TG-35,TG35,Medak
TG,Telangana,36,TG-36,TG36,Siddipet
TN,Tamil Nadu,01,TN-01,TN01,Chennai Central
TN,Tamil Nadu,02,TN-02,TN02,Chennai West
TN,Tamil Nadu,03,TN-03,TN03,Chennai North East
TN,Tamil Nadu,04,TN-04,TN04,Chennai East
TN,Tamil Nadu,05,TN-05,TN05,Chennai North
TN,Tamil Nadu,06,TN-06,TN06,Chennai South East
TN,Tamil Nadu,07,TN-07,TN07,Chennai South
TN,Tamil Nadu,09,TN-09,TN09,Chennai West
TN,Tamil Nadu,10,TN-10,TN10,Chennai South West
TN,Tamil Nadu,11,TN-11,TN11,Tambaram
TN,Tamil Nadu,16,TN-16,TN16,Tindivanam
TN,Tamil Nadu,18,TN-18,TN18,Sengundram
TN,Tamil Nadu,19,TN-19,TN19,Chengalpattu
TN,Tamil Nadu,20,TN-20,TN20,Tiruvallur
TN,Tamil Nadu,21,TN-21,TN21,Kanchipuram
TN,Tamil Nadu,22,TN-22,TN22,Meenambakkam
TN,Tamil Nadu,23,TN-23,TN23,Vellore
TN,Tamil Nadu,24,TN-24,TN24,Krishnagiri
TN,Tamil Nadu,25,TN-25,TN25,Thiruvannamalai
TN,Tamil Nadu,28,TN-28,TN28,Namakkal
TN,Tamil Nadu,29,TN-29,TN29,Dharmapuri
TN,Tamil Nadu,30,TN-30,TN30,Salem
TN,Tamil Nadu,31,TN-31,TN31,Cuddalore
TN,Tamil Nadu,32,TN-32,TN32,Villupuram
TN,Tamil Nadu,33,TN-33,TN33,Erode
TN,Tamil Nadu,34,TN-34,TN34,Thiruchengode
TN,Tamil Nadu,36,TN-36,TN36,Gobichettipalayam
TN,Tamil Nadu,37,TN-37,TN37,Coimbatore
TN,Tamil Nadu,38,TN-38,TN38,Coimbatore
TN,Tamil Nadu,39,TN-39,TN39,Tirupur
TN,Tamil Nadu,40,TN-40,TN40,Mettupalayam
TN,Tamil Nadu,41,TN-41,TN41,Pollachi
TN,Tamil Nadu,42,TN-42,TN42,Tirupur
TN,Tamil Nadu,43,TN-43,TN43,Uthagamandalam
TN,Tamil Nadu,45,TN-45,TN45,Tiruchirapalli
TN,Tamil Nadu,46,TN-46,TN46,Perambalur
TN,Tamil Nadu,47,TN-47,TN47,Karur
TN,Tamil Nadu,48,TN-48,TN48,Srirangam
TN,Tamil Nadu,49,TN-49,TN49,Thanjavur
TN,Tamil Nadu,50,TN-50,TN50,Tiruvarur
TN,Tamil Nadu,51,TN-51,TN51,Nagapattinam
TN,Tamil Nadu,52,TN-52,TN52,Sankagiri
TN,Tamil Nadu,54,TN-54,TN54,Salem
TN,Tamil Nadu,55,TN-55,TN55,Pudukottai
TN,Tamil Nadu,56,TN-56,TN56,Perundurai
TN,Tamil Nadu,57,TN-57,TN57,Dindigul
TN,Tamil Nadu,58,TN-58,TN58,Madurai
TN,Tamil Nadu,59,TN-59,TN59,Madurai
TN,Tamil Nadu,60,TN-60,TN60,Theni
TN,Tamil Nadu,61,TN-61,TN61,Ariyalur
TN,Tamil Nadu,63,TN-63,TN63,Sivagangai
TN,Tamil Nadu,64,TN-64,TN64,Madurai
TN,Tamil Nadu,65,TN-65,TN65,Ramanathapuram
TN,Tamil Nadu,66,TN-66,TN66,Coimbatore
TN,Tamil Nadu,67,TN-67,TN67,Virudhunagar
TN,Tamil Nadu,68,TN-68,TN68,Kumbakonam
TN,Tamil Nadu,69,TN-69,TN69,Tuticorin
TN,Tamil Nadu,70,TN-70,TN70,Hosur
TN,Tamil Nadu,72,TN-72,TN72,Tirunelveli
TN,Tamil Nadu,73,TN-73,TN73,Ranipet
TN,Tamil Nadu,74,TN-74,TN74,Nagercoil
TN,Tamil Nadu,75,TN-75,TN75,Marthandam
TN,Tamil Nadu,76,TN-76,TN76,Tenkasi
TN,Tamil Nadu,77,TN-77,TN77,Attur
TN,Tamil Nadu,78,TN-78,TN78,Dharapuram
TR,Tripura,01,TR-01,TR01,Agartala
TR,Tripura,02,TR-02,TR02,Kailashahar
TR,Tripura,03,TR-03,TR03,Udaipura
TS,Telangana,01,TS-01,TS01,Adilabad
TS,Telangana,02,TS-02,TS02,Karimnagar
TS,Telangana,03,TS-03,TS03,Warangal Urban
TS,Telangana,04,TS-04,TS04,Khammam
TS,Telangana,05,TS-05,TS05,Nalgonda
TS,Telangana,06,TS-06,TS06,Mahbubnagar
TS,Telangana,07,TS-07,TS07,Ranga Reddy
TS,Telangana,08,TS-08,TS08,Medchal-Malkajgiri
TS,Telangana,09,TS-09,TS09,Hyderabad Central (Khairatabad)
TS,Telangana,10,TS-10,TS10,Hyderabad North (Secunderabad)
TS,Telangana,11,TS-11,TS11,Hyderabad East (Malakpet)
TS,Telangana,12,TS-12,TS12,Hyderabad South (Bahadurpura)
TS,Telangana,13,TS-13,TS13,Hyderabad West (Kukatpally)
TS,Telangana,14,TS-14,TS14,Hyderabad (Reserved Series)
TS,Telangana,15,TS-15,TS15,Sangareddy
TS,Telangana,16,TS-16,TS16,Nizamabad
TS,Telangana,17,TS-17,TS17,Kamareddy
TS,Telangana,18,TS-18,TS18,Nirmal
TS,Telangana,19,TS-19,TS19,Mancherial
TS,Telangana,20,TS-20,TS20,Kumuram Bheem Asifabad
TS,Telangana,21,TS-21,TS21,Jagtial
TS,Telangana,22,TS-22,TS22,Peddapalli (Ramagundam)
TS,Telangana,23,TS-23,TS23,Rajanna Sircilla
TS,Telangana,24,TS-24,TS24,Warangal Rural
TS,Telangana,25,TS-25,TS25,Jayashankar Bhupalpally
TS,Telangana,26,TS-26,TS26,Mahabubabad
TS,Telangana,27,TS-27,TS27,Jangaon
TS,Telangana,28,TS-28,TS28,Bhadradri Kothagudem
TS,Telangana,29,TS-29,TS29,Suryapet
TS,Telangana,30,TS-30,TS30,Yadadri Bhuvanagiri
TS,Telangana,31,TS-31,TS31,Nagarkurnool
TS,Telangana,32,TS-32,TS32,Wanaparthy
TS,Telangana,33,TS-33,TS33,Jogulamba Gadwal
TS,Telangana,34,TS-34,TS34,Vikarabad
TS,Telangana,35,TS-35,TS35,Medak
TS,Telangana,36,TS-36,TS36,Siddipet
UK,Uttarakhand,01,UK-01,UK01,Almora
UK,Uttarakhand,02,UK-02,UK02,Bageshwar
UK,Uttarakhand,03,UK-03,UK03,Champawat
UK,Uttarakhand,04,UK-04,UK04,Nanital
UK,Uttarakhand,05,UK-05,UK05,Pithoragarh
UK,Uttarakhand,06,UK-06,UK06,Udham Singh Nagar
UK,Uttarakhand,07,UK-07,UK07,Dehra Dun
UK,Uttarakhand,08,UK-08,UK08,Haridwar
UK,Uttarakhand,09,UK-09,UK09,Tehri
UK,Uttarakhand,10,UK-10,UK10,Uttarkashi
UK,Uttarakhand,11,UK-11,UK11,Chamoli
UK,Uttarakhand,12,UK-12,UK12,Pauri
UK,Uttarakhand,13,UK-13,UK13,Rudraprayag
UP,Uttar Pradesh,01,UP-01,UP01,Almora
UP,Uttar Pradesh,02,UP-02,UP02,Haldwani
UP,Uttar Pradesh,03,UP-03,UP03,Pithoragarh
UP,Uttar Pradesh,04,UP-04,UP04,Udham Singh Nagar
UP,Uttar Pradesh,05,UP-05,UP05,Chamoli
UP,Uttar Pradesh,06,UP-06,UP06,Pauri
UP,Uttar Pradesh,07,UP-07,UP07,Dehradun
UP,Uttar Pradesh,08,UP-08,UP08,Tehri
UP,Uttar Pradesh,09,UP-09,UP09,Uttarkashi
UP,Uttar Pradesh,10,UP-10,UP10,Haridwar
UP,Uttar Pradesh,11,UP-11,UP11,Saharanpur
UP,Uttar Pradesh,12,UP-12,UP12,Muzaffarnagar
UP,Uttar Pradesh,13,UP-13,UP13,Bulandshahr
UP,Uttar Pradesh,14,UP-14,UP14,Ghaziabad
UP,Uttar Pradesh,15,UP-15,UP15,Meerut (UP15AT for taxis / UP15AG for government vehicles
UP,Uttar Pradesh,16,UP-16,UP16,NOIDA / Gautam Buddha Nagar
UP,Uttar Pradesh,17,UP-17,UP17,Baghpat
UP,Uttar Pradesh,18,UP-18,UP18,Prabudh Nagar
UP,Uttar Pradesh,20,UP-20,UP20,Bijnor
UP,Uttar Pradesh,21,UP-21,UP21,Moradabad
UP,Uttar Pradesh,22,UP-22,UP22,Rampur
UP,Uttar Pradesh,23,UP-23,UP23,Jyotiba Phule Nagar
UP,Uttar Pradesh,24,UP-24,UP24,Badaun
UP,Uttar Pradesh,25,UP-25,UP25,Bareilly
UP,Uttar Pradesh,26,UP-26,UP26,Pilibhit
UP,Uttar Pradesh,27,UP-27,UP27,Shahjahanpur
UP,Uttar Pradesh,28,UP-28,UP28,Ayodhya
UP,Uttar Pradesh,29,UP-29,UP29,to be alloted
UP,Uttar Pradesh,30,UP-30,UP30,Hardoi
UP,Uttar Pradesh,31,UP-31,UP31,Kheri
UP,Uttar Pradesh,32,UP-32,UP32,Lucknow
UP,Uttar Pradesh,33,UP-33,UP33,Raebareli
UP,Uttar Pradesh,34,UP-34,UP34,Sitapur
UP,Uttar Pradesh,35,UP-35,UP35,Unnao
UP,Uttar Pradesh,36,UP-36,UP36,Lucknow
UP,Uttar Pradesh,37,UP-37,UP37,Hapur
UP,Uttar Pradesh,40,UP-40,UP40,Bahraich
UP,Uttar Pradesh,41,UP-41,UP41,Barabanki
UP,Uttar Pradesh,42,UP-42,UP42,Faizabad
UP,Uttar Pradesh,43,UP-43,UP43,Gonda
UP,Uttar Pradesh,44,UP-44,UP44,Sultanpur
UP,Uttar Pradesh,45,UP-45,UP45,Ambedkar Nagar
UP,Uttar Pradesh,46,UP-46,UP46,Shrawasti
UP,Uttar Pradesh,47,UP-47,UP47,Balrampur
UP,Uttar Pradesh,50,UP-50,UP50,Azamgarh
UP,Uttar Pradesh,51,UP-51,UP51,Basti
UP,Uttar Pradesh,52,UP-52,UP52,Deoria
UP,Uttar Pradesh,53,UP-53,UP53,Gorakhpur for private vehicles
UP,Uttar Pradesh,54,UP-54,UP54,Mau
UP,Uttar Pradesh,55,UP-55,UP55,Siddharth Nagar
UP,Uttar Pradesh,56,UP-56,UP56,Mahrajganj
UP,Uttar Pradesh,57,UP-57,UP57,Padrauna
UP,Uttar Pradesh,58,UP-58,UP58,Sant Kabir Nagar
UP,Uttar Pradesh,59,UP-59,UP59,to be alloted
UP,Uttar Pradesh,60,UP-60,UP60,Ballia
UP,Uttar Pradesh,61,UP-61,UP61,Ghazipur
UP,Uttar Pradesh,62,UP-62,UP62,Jaunpur
UP,Uttar Pradesh,63,UP-63,UP63,Mirzapur
UP,Uttar Pradesh,64,UP-64,UP64,Sonbhadra
UP,Uttar Pradesh,65,UP-65,UP65,Varanasi
UP,Uttar Pradesh,66,UP-66,UP66,Bhadohi
UP,Uttar Pradesh,67,UP-67,UP67,Chandauli
UP,Uttar Pradesh,68,UP-68,UP68,to be alloted
UP,Uttar Pradesh,69,UP-69,UP69,to be alloted
UP,Uttar Pradesh,70,UP-70,UP70,Allahabad
UP,Uttar Pradesh,71,UP-71,UP71,Fatehpur
UP,Uttar Pradesh,72,UP-72,UP72,Pratapgarh
UP,Uttar Pradesh,73,UP-73,UP73,Kaushambi
UP,Uttar Pradesh,74,UP-74,UP74,Kannauj
UP,Uttar Pradesh,75,UP-75,UP75,Etawah
UP,Uttar Pradesh,76,UP-76,UP76,Farrukhabad
UP,Uttar Pradesh,77,UP-77,UP77,Kanpur Dehat
UP,Uttar Pradesh,78,UP-78,UP78,Kanpur Urban
UP,Uttar Pradesh,79,UP-79,UP79,Auraiya
UP,Uttar Pradesh,80,UP-80,UP80,Agra
UP,Uttar Pradesh,81,UP-81,UP81,Aligarh
UP,Uttar Pradesh,82,UP-82,UP82,Etah
UP,Uttar Pradesh,83,UP-83,UP83,Firozabad
UP,Uttar Pradesh,84,UP-84,UP84,Mainpuri
UP,Uttar Pradesh,85,UP-85,UP85,Mathura
UP,Uttar Pradesh,86,UP-86,UP86,Mahamaya Nagar
UP,Uttar Pradesh,87,UP-87,UP87,Kanshiram Nagar
UP,Uttar Pradesh,88,UP-88,UP88,to be alloted
UP,Uttar Pradesh,89,UP-89,UP89,to be alloted
UP,Uttar Pradesh,90,UP-90,UP90,Banda
UP,Uttar Pradesh,91,UP-91,UP91,Hamirpur
UP,Uttar Pradesh,92,UP-92,UP92,Jalaun
UP,Uttar Pradesh,93,UP-93,UP93,Jhansi
UP,Uttar Pradesh,94,UP-94,UP94,Lalitpur
UP,Uttar Pradesh,95,UP-95,UP95,Mahoba
UP,Uttar Pradesh,96,UP-96,UP96,Chitrakoot Dham
WB,West Bengal,01,WB-01,WB01,Kolkata exhausted
WB,West Bengal,02,WB-02,WB02,Kolkata
WB,West Bengal,03,WB-03,WB03,Kolkata
WB,West Bengal,04,WB-04,WB04,Kolkata
WB,West Bengal,05,WB-05,WB05,Kolkata
WB,West Bengal,06,WB-06,WB06,Kolkata
WB,West Bengal,07,WB-07,WB07,Kolkata
WB,West Bengal,08,WB-08,WB08,Kolkata to be used
WB,West Bengal,09,WB-09,WB09,Kolkata to be used
WB,West Bengal,10,WB-10,WB10,Kolkata to be used
WB,West Bengal,11,WB-11,WB11,Howrah
WB,West Bengal,12,WB-12,WB12,Howrah /
WB,West Bengal,13,WB-13,WB13,Howrah to be used
WB,West Bengal,14,WB-14,WB14,Howrah till WB14 K
WB,West Bengal,15,WB-15,WB15,Hooghly
WB,West Bengal,16,WB-16,WB16,Hooghly exhausted
WB,West Bengal,18,WB-18,WB18,Hooghly
WB,West Bengal,19,WB-19,WB19,South 24 Parganas / Alipore
WB,West Bengal,20,WB-20,WB20,South 24 Parganas / Alipore exhausted for twowheelers
WB,West Bengal,22,WB-22,WB22,South 24 Parganas / Alipore
WB,West Bengal,23,WB-23,WB23,Barrackpore
WB,West Bengal,24,WB-24,WB24,Barrackpore
WB,West Bengal,25,WB-25,WB25,Barasat
WB,West Bengal,26,WB-26,WB26,Barasat
WB,West Bengal,29,WB-29,WB29,Tamluk
WB,West Bengal,30,WB-30,WB30,Tamluk
WB,West Bengal,31,WB-31,WB31,Contai
WB,West Bengal,32,WB-32,WB32,Contai
WB,West Bengal,33,WB-33,WB33,Midnapur
WB,West Bengal,34,WB-34,WB34,Midnapur
WB,West Bengal,37,WB-37,WB37,Asansol
WB,West Bengal,38,WB-38,WB38,Asansol
WB,West Bengal,39,WB-39,WB39,Durgapur
WB,West Bengal,40,WB-40,WB40,Durgapur
WB,West Bengal,41,WB-41,WB41,Burdwan
WB,West Bengal,42,WB-42,WB42,Burdwan
WB,West Bengal,44,WB-44,WB44,Asansol
WB,West Bengal,51,WB-51,WB51,Nadia
WB,West Bengal,52,WB-52,WB52,Nadia
WB,West Bengal,53,WB-53,WB53,Birbhum
WB,West Bengal,54,WB-54,WB54,Birbhum
WB,West Bengal,55,WB-55,WB55,Purulia
WB,West Bengal,56,WB-56,WB56,Purulia
WB,West Bengal,57,WB-57,WB57,Murshidabad
WB,West Bengal,58,WB-58,WB58,Murshidabad
WB,West Bengal,59,WB-59,WB59,Raiganj
WB,West Bengal,60,WB-60,WB60,Raiganj
WB,West Bengal,61,WB-61,WB61,Balurghat
WB,West Bengal,62,WB-62,WB62,Balurghat
WB,West Bengal,63,WB-63,WB63,Cooch Behar
WB,West Bengal,64,WB-64,WB64,Cooch Behar
WB,West Bengal,65,WB-65,WB65,Malda
WB,West Bengal,66,WB-66,WB66,Malda
WB,West Bengal,67,WB-67,WB67,Bankura
WB,West Bengal,68,WB-68,WB68,Bankura
WB,West Bengal,69,WB-69,WB69,Alipurduar
WB,West Bengal,70,WB-70,WB70,Alipurduar
WB,West Bengal,71,WB-71,WB71,Jalpaiguri
WB,West Bengal,72,WB-72,WB72,Jalpaiguri
WB,West Bengal,73,WB-73,WB73,Siliguri
WB,West Bengal,74,WB-74,WB74,Siliguri
WB,West Bengal,76,WB-76,WB76,Darjeeling
WB,West Bengal,77,WB-77,WB77,Darjeeling
WB,West Bengal,78,WB-78,WB78,Kalimpong
WB,West Bengal,79,WB-79,WB79,Kalimpong
